{"accuracy": 0.85, "precision": 0.8761232349165597, "recall": 0.8314479638009049, "f1": 0.8400000000000001}
